{"_step":479,"base_quat":[0.9918598532676697,0.0005857824580743909,0.01727096363902092,-0.004300840198993683],"_timestamp":1.7372446223134458e+09,"_runtime":80.386304,"base_pos":[0.01361590251326561,-0.001327385543845594,0.4082183837890625],"commands":[0.2503508925437927,0,0],"_wandb":{"runtime":82},"step":11.731485366821289,"average_reward":0.0025682421401143074}